zipcode,street,city,state,year,bath,bed,rooms,SqFt,price
35212,868 44th Pl N,Birmingham,AL,1930,2,3,7,1732,40745
35204,518 6th Ave N,Birmingham,AL,1930,1,2,6,1115,205906
35215,119 Moonglow Dr,Birmingham,AL,1982,2,3,11,1355,98672
35205,1036 31st St S,Birmingham,AL,1919,2.5,4,7,2876,325474
99801,350 Irwin St APT 204,Juneau,AK,1966,1,1,3,476,114726
85037,8316 W Sheridan St,Phoenix,AZ,2006,3,3,5,1652,122241
85021,8410 N 15th Ave,Phoenix,AZ,1984,5,5,9,3945,573258
85021,7018 N Barbados Pl,Phoenix,AZ,1974,2,2,4,1625,239086
85018,4826 N 35th Pl,Phoenix,AZ,1980,2,2,4,1794,304824
2140,45 Regent St,Cambridge,MA,1894,3.5,4,9,2294,885883
2139,88 Pearl St UNIT 2,Cambridge,MA,1820,1.5,2,5,962,592073
2140,129-205 Richdale Ave UNIT A10,Cambridge,MA,1988,1.5,2,5,1051,535933
2139,168 River St,Cambridge,MA,1854,3.5,6,12,2774,1005789
95838,3712 Schutt Way,Sacramento,CA,1948,1,2,5,966,103674
95815,3119 Academy Way,Sacramento,CA,1934,1,2,2,1056,156389
95815,2750 Ellen St,Sacramento,CA,1946,1,3,6,1397,134932
95815,2621 Grove Ave,Sacramento,CA,1940,1,3,5,1279,139079
91342,13921 Candlewood Dr,Sylmar,CA,1974,2,3,7,1390,448040
80209,845 S High St,Denver,CO,1921,2,3,6,2538,777401
80247,10150 E Virginia Ave,Denver,CO,1980,1,1,3,654,110083
80204,611 Knox Ct,Denver,CO,1912,2,5,8,2131,226954
33138,8121 NE 1st Ave,Miami,FL,1937,2,3,4,1010,110144
33138,7724 NE 1st Ave,Miami,FL,1941,2,3,3,1084,92955
33125,1260 NW 4th St,Miami,FL,1940,1,3,3,870,118283
30324,2865 Lenox Rd NE APT 301,Atlanta,GA,2002,2,2,6,1565,213662
30318,1465 Liberty Pkwy NW,Atlanta,GA,2006,4,3,10,1220,169822
60624,633 N Drake Ave,Chicago,IL,1900,4,4,11,2458,151959
60657,336 W Wellington Ave APT 2001,Chicago,IL,1966,2,2,5,1200,202681
46201,922 N Beville Ave,Indianapolis,IN,1910,3,3,6,1664,40422
46226,5501 Winston Dr,Indianapolis,IN,1962,2,4,9,1995,122518
46280,10744 Belair Dr,Indianapolis,IN,1990,2,3,5,1310,150234
67226,2560 N Fox Run Ct,Wichita,KS,1989,3.5,5,8,3500,244018
67205,2717 N Stoney Point Ct,Wichita,KS,1999,2,3,6,1784,143336
67211,2748 E Menlo St,Wichita,KS,1948,2,3,5,2972,118706
67235,12615 W Hendryx Ct,Wichita,KS,1994,3,4,7,2077,146381
40206,117 Haldeman Ave,Louisville,KY,2006,2,3,6,1995,182245
4103,27 Bismark St,Portland,ME,1900,1,1,5,735,163484
4102,287 Ludlow St,Portland,ME,1963,2,4,8,1666,228780
4103,121 Bay Street Ext APT 7,Portland,ME,1986,3,3,4,1234,187690
4103,601 Allen Ave,Portland,ME,1927,1,3,7,1274,182246
2129,340 Medford St UNIT 1,Boston,MA,2002,2,3,5,1279,561849
2125,102 Howard Ave,Dorchester,MA,1900,3,6,14,3142,474475
55407,4401 18th Ave S,Minneapolis,MN,1930,3,4,7,2280,291492
55419,4949 Oliver Ave S,Minneapolis,MN,1922,1.5,4,7,1574,526487
55419,5420 Aldrich Ave S,Minneapolis,MN,1937,1,3,7,1471,264218
55406,4141 29th Ave S,Minneapolis,MN,1916,1,1,4,572,121331
39212,121 Waywood Dr,Jackson,MS,1973,2,3,6,1509,71975
39211,4413 Woodlark Dr,Jackson,MS,1968,3,4,7,2660,202592
39211,1806 Ridgeover Pl,Jackson,MS,1959,3,3,9,3050,215847
3303,43 Boanza Dr,Concord,NH,1996,1,3,5,926,42663
3301,100 Rumford St,Concord,NH,1889,3,4,8,2318,202638
3301,17 Edward Dr,Concord,NH,1993,2,4,9,2200,251123
44102,2159 West Blvd,Cleveland,OH,1905,3,4,9,3076,139603
44102,4621 Denmark Ave,Cleveland,OH,1920,1,3,6,1258,46694
44135,4025 W 158th St,Cleveland,OH,1920,1,3,7,1703,131130
44111,3505 W 151st St,Cleveland,OH,1949,2,3,8,1375,111060
73107,3520 NW 18th St,Oklahoma City,OK,1938,1,2,4,1022,63762
73162,7529 NW 114th St,Oklahoma City,OK,1984,2,3,4,1255,105386
73120,12924 Cedar Springs Rd,Oklahoma City,OK,1973,3,3,9,3147,313241
19148,1234 Fitzgerald St,Philadelphia,PA,1919,1,2,5,784,150289
19145,2529 S Rosewood St,Philadelphia,PA,1915,1,3,6,1068,125918
19152,2818 Holme Ave,Philadelphia,PA,1950,2,3,7,1025,206229
38122,3804 Forrest Ave,Memphis,TN,1948,1,2,6,1000,55098
38119,3198 Edgeworth Ln,Memphis,TN,1985,3,4,9,2710,159028
38120,1474 Lefleur Pl,Memphis,TN,1992,5,5,10,5200,643256
77093,2013 Eubanks St,Houston,TX,1940,1,1,9,2330,114709
77598,15731 Pipers View Dr,Webster,TX,1983,2,3,5,1411,124087
77044,13611 Blair Hill Ln,Houston,TX,2012,4,4,10,4135,437896
77092,5826 Black Oak Dr,Houston,TX,1966,1,3,6,1282,110247
75252,6504 Genstar Ln,Dallas,TX,1981,2.5,3,7,2070,255389
98106,8141 7th Ave SW,Seattle,WA,1962,2.75,5,10,2850,387766
53224,11230 W Daphne St,Milwaukee,WI,2000,2.5,2,6,2178,254192
53209,5376 N 34th St,Milwaukee,WI,1927,1,3,6,1194,45728
53207,219 E Bradley Ave,Milwaukee,WI,1937,2,2,5,1117,130878
53214,642 S 67th St,Milwaukee,WI,1953,2,3,5,1401,130767
91436,5006 Haskell Ave,Encino,CA,1961,3,3,10,1895,831870
28210,10112 Deer Spring Ln,Charlotte,NC,1989,3,4,9,2730,318566
28270,2408 Hamilton Mill Rd,Charlotte,NC,1982,3,4,8,2736,292823
28226,5919 Carpenter Dr,Charlotte,NC,1977,3,3,8,2048,173822
35215,35 Freda Jane Ln,Birmingham,AL,1982,2,3,5,1132,68564
35215,212 Cathy Ln,Birmingham,AL,1960,1.5,3,5,1196,78898
35215,148 Redstone Way,Birmingham,AL,1971,2,3,6,1357,69585
35215,121 Von Dale Dr,Birmingham,AL,1971,2,3,6,1430,72722
35215,103 Von Dale Dr,Birmingham,AL,1983,2,3,5,1000,63415
35215,941 Hickory Dr,Birmingham,AL,1960,2,3,7,1250,69964
35215,385 Sunbrook Ave,Birmingham,AL,1957,1.5,3,6,1240,64439
35215,104 Von Dale Dr,Birmingham,AL,1969,2,3,6,1728,72376
35215,317 Bridlewood Dr,Birmingham,AL,1958,1,3,6,1085,75335
35215,536 Belmar Dr,Birmingham,AL,1956,1,3,5,993,65259
35215,901 Meg Dr,Birmingham,AL,1962,2,3,7,1517,78550
35215,217 Mccormick Ave,Birmingham,AL,1955,2,3,6,1587,59322
35215,328 Bridlewood Dr,Birmingham,AL,1958,1.5,3,5,1177,60698
35215,936 Hickory Dr,Birmingham,AL,1960,2,5,7,1482,68900
35215,106 Von Dale Dr,Birmingham,AL,1969,2,3,6,1446,69439
35215,121 Freda Jane Ln,Birmingham,AL,1972,2,3,6,1413,76178
35215,162 Sunburst Cir,Birmingham,AL,1984,2,3,6,1222,94134
35215,208 Sam Pate Dr,Birmingham,AL,1967,1.5,3,6,988,68082
35215,9852 Redcliff Rd,Birmingham,AL,1959,2,3,5,1326,56596
35215,253 Mccormick Ave,Birmingham,AL,1955,1,3,5,967,55858
35215,124 Von Dale Dr,Birmingham,AL,1969,2,3,6,1535,78014
35215,200 Glynn Dr,Birmingham,AL,1963,2,3,5,1156,63923
35215,1114 Startrek Ln,Birmingham,AL,1980,2,3,5,1271,67213
35215,129 Freda Jane Ln,Birmingham,AL,1972,2,3,5,1095,72951
2140,5 Arlington St APT 51,Cambridge,MA,1930,1,1,3,682,432187
2140,1776 Massachusetts Ave STE 7,Cambridge,MA,1920,2.5,3,7,1668,747026
2138,26 Linnaean St UNIT 3,Cambridge,MA,1900,1,2,4,630,396189
2138,41 Bowdoin St APT 26,Cambridge,MA,1920,1.5,1,5,865,488791
2140,32 Regent St UNIT 32,Cambridge,MA,1998,2.5,4,8,2014,982238
2140,125-127 Raymond St UNIT 1,Cambridge,MA,1920,1.5,2,5,950,551773
2140,169 Upland Rd UNIT 1,Cambridge,MA,1900,2,2,6,1096,644906
2140,188 Upland Rd UNIT 4,Cambridge,MA,1900,2,2,8,1136,566370
2140,1 Richdale Ave UNIT 16,Cambridge,MA,1981,2,3,8,1735,817156
2140,3 Arlington St APT 1,Cambridge,MA,1930,1,1,2,528,369742
2138,41 Bowdoin St APT 38,Cambridge,MA,1920,1,2,5,984,550143
2140,42 Regent St UNIT 42,Cambridge,MA,1998,3.5,4,7,1940,946797
2140,46 Regent St UNIT 46,Cambridge,MA,1998,3,4,6,2051,923245
2140,177 Pemberton St UNIT 5,Cambridge,MA,1886,3,3,6,1932,778966
2140,1 Hillside Pl UNIT 1,Cambridge,MA,1920,1.5,3,6,1497,844848
2138,81 Martin St #43,Cambridge,MA,1871,1,2,5,917,532643
2140,33-41 Walden St UNIT 1F,Cambridge,MA,1920,2,3,8,1650,679175
2138,41 Bowdoin St APT 24,Cambridge,MA,1920,1,1,4,707,450022
2140,1800 Massachusetts Ave APT 31,Cambridge,MA,1910,1,2,4,710,439186
2140,36-A Rice St UNIT 2,Cambridge,MA,1907,2,3,6,1176,518606
2140,47-49 Pemberton St UNIT 1,Cambridge,MA,1871,2,2,6,1211,619306
2140,33 Walden St UNIT 3D,Cambridge,MA,1894,2,2,7,1795,850819
2140,161 Raymond St UNIT 3,Cambridge,MA,1925,1,2,5,1170,605755
2140,149 Walden St UNIT 3,Cambridge,MA,1921,1,2,8,1335,659409
95815,1005 Olivera Way,Sacramento,CA,1942,1,3,6,950,108177
95815,2826 Rio Linda Blvd,Sacramento,CA,2004,2,4,6,1337,153420
95815,2916 Del Paso Blvd,Sacramento,CA,1928,1,2,6,1257,179108
95815,3041 Belden St,Sacramento,CA,2004,2,3,5,1265,152363
95815,3063 Belden St,Sacramento,CA,1982,1,3,5,977,109950
95815,3050 Clay St,Sacramento,CA,1960,1,3,7,1040,79373
95815,3058 Crandall Ave,Sacramento,CA,1949,1,2,5,874,90661
95815,1038 Acacia Ave,Sacramento,CA,1947,1,2,4,796,115822
95815,2935 Clay St,Sacramento,CA,1955,1,2,4,922,111327
95815,23 Coral Ln,Sacramento,CA,1930,1,3,4,900,127872
95815,970 Alamos Ave,Sacramento,CA,1940,1,2,5,806,92071
95815,2855 Branch St,Sacramento,CA,1927,1,3,4,1008,126987
95815,967 Las Palmas Ave,Sacramento,CA,1939,1,2,5,1044,112541
95815,2856 Poquita St,Sacramento,CA,1966,2,3,4,1295,151116
95815,1063 Las Palmas Ave,Sacramento,CA,1940,1,2,5,780,98133
95815,2821 Perktel St,Sacramento,CA,1991,2,3,6,1062,133924
95815,1113 Las Palmas Ave,Sacramento,CA,2001,2,3,4,1415,171321
95815,932 Las Palmas Ave,Sacramento,CA,1938,1,2,4,944,92141
95815,926 Eleanor Ave,Sacramento,CA,1940,1,2,4,714,98831
95815,2600 Del Paso Blvd,Sacramento,CA,1942,2,4,4,1728,161990
95815,2601 Ensenada Way,Sacramento,CA,1942,2,3,5,1543,157116
95815,2747 Ellen St,Sacramento,CA,1948,2,3,4,900,106638
95815,2710 Ellen St,Sacramento,CA,1960,1,2,5,792,104113
95815,2765 Clay St,Sacramento,CA,1948,1,2,4,1177,103278
95815,2661 Norwood Ave,Sacramento,CA,1940,2,4,7,1268,137466
95815,2962 Grove Ave,Sacramento,CA,1953,1,3,5,970,127336
95815,440 Lindley Dr,Sacramento,CA,1959,2,3,6,1045,127754
95815,110 Redondo Ave,Sacramento,CA,1958,1,3,5,1032,106559
95815,168 Redondo Ave,Sacramento,CA,1958,1,3,5,1177,137703
95815,154 Arcade Blvd,Sacramento,CA,1955,2,4,7,1271,158204
95815,2950 Colfax St,Sacramento,CA,1959,2,4,6,1120,138530
95815,206 Christine Dr,Sacramento,CA,1953,1,3,6,970,113513
95815,254 Christine Dr,Sacramento,CA,1953,1,3,5,970,89755
95815,236 Redondo Ave,Sacramento,CA,1970,2,4,7,1555,150867
95815,285 Eleanor Ave,Sacramento,CA,1972,2,3,5,1120,119950
95815,255 Eleanor Ave,Sacramento,CA,1972,1.5,3,5,1120,113416
95815,496 Las Palmas Ave,Sacramento,CA,1953,1.5,3,6,1050,139724
95815,495 Eleanor Ave,Sacramento,CA,1958,1,3,5,977,120812
95815,2644 Grove Ave,Sacramento,CA,1946,1.5,2,4,1101,103352
95815,2663 Forrest St,Sacramento,CA,1940,1,2,4,912,107084
95815,2587 Altos Ave,Sacramento,CA,1954,1,2,4,810,85678
95815,73 Bay Dr,Sacramento,CA,1956,1,3,5,910,113260
95815,3 El Camino Ave,Sacramento,CA,1946,1,3,6,1272,117463
95815,114 Santiago Ave,Sacramento,CA,1951,2,3,6,1344,133656
95815,146 Santiago Ave,Sacramento,CA,1947,2,4,5,1064,130991
95815,213 Bay Dr,Sacramento,CA,1950,1,2,4,807,92616
95815,277 Santiago Ave,Sacramento,CA,1940,1,2,5,867,107436
95815,2515 Grove Ave,Sacramento,CA,1934,1,2,4,1042,128683
91342,13228 Sayre St,Sylmar,CA,1954,2,3,8,1246,352435
91342,13040 Cranston Ave,Sylmar,CA,1960,2,3,7,1164,381207
91342,13706 Marchant Ave,Sylmar,CA,1960,2,3,8,1288,384040
91342,13625 Mindora Ave,Sylmar,CA,1959,2,3,8,1316,369699
91342,13880 Aults Ave,Sylmar,CA,1953,2,3,7,1332,375470
91342,13560 Dyer St,Sylmar,CA,1955,1,2,6,1350,384222
91342,13394 Dyer St,Sylmar,CA,1955,2,4,8,1197,353956
91342,13461 Egbert St,Sylmar,CA,1965,3,3,10,1896,436051
91342,13693 Simshaw Ave,Sylmar,CA,1959,2,3,8,1316,360411
91342,13809 Lexicon Ave,Sylmar,CA,1956,2,3,8,1358,381007
91342,13843 Lexicon Ave,Sylmar,CA,1956,2,3,8,1406,415349
91342,13864 Lexicon Ave,Sylmar,CA,1956,2,3,8,1358,392452
91342,13814 Lexicon Ave,Sylmar,CA,1956,2,3,8,1406,386687
91342,13879 Stratton Ave,Sylmar,CA,1956,2,3,8,1358,404728
91342,13470 Oro Grande St,Sylmar,CA,1956,2,3,8,1406,390193
91342,13470 Egbert St,Sylmar,CA,1965,3,3,11,1896,421361
91342,13915 Aults Ave,Sylmar,CA,1967,2,4,11,1872,433918
91342,13531 Raven St,Sylmar,CA,1948,2,3,5,1662,423843
91342,13414 Sayre St,Sylmar,CA,1947,2,3,7,981,324530
91342,13444 Sayre St,Sylmar,CA,1948,2,3,6,1443,377660
91342,13332 Aztec St,Sylmar,CA,1951,2,3,7,1212,355195
91342,13441 Berg St,Sylmar,CA,1955,2,3,8,1242,361406
91342,13483 Berg St,Sylmar,CA,1955,2,4,8,1185,367234
91342,13452 Berg St,Sylmar,CA,1955,2,4,8,1566,386120
80209,987 S Williams St,Denver,CO,2005,3.5,3,10,3042,1608791
80209,1007 S Vine St,Denver,CO,1915,1,3,6,1355,496968
80209,863 S Vine St,Denver,CO,2013,3.5,5,8,3887,1143799
80209,888 S Williams St,Denver,CO,1915,4,5,10,4200,1230193
80209,709 S York St,Denver,CO,1929,4,5,10,3589,893165
80209,2367 E Kentucky Ave,Denver,CO,1926,2,3,7,2532,619614
80209,690 S Franklin St,Denver,CO,1945,2,2,4,1637,895177
80209,2375 E Kentucky Ave,Denver,CO,1940,2,3,6,2055,598997
80209,880 S Josephine St,Denver,CO,1931,2,3,7,2216,693074
80209,983 S Josephine St,Denver,CO,1929,2,2,7,2331,662176
80209,1044 S University Blvd,Denver,CO,1924,1,2,8,2159,514548
80209,491 S Williams St,Denver,CO,1926,2,3,5,2282,732006
80209,474 S Williams St,Denver,CO,1919,2,2,6,2319,572701
80209,450 S High St,Denver,CO,1931,2,3,5,2038,634681
80209,468 S Race St,Denver,CO,1928,5,5,5,3890,1232287
80209,581 S University Blvd,Denver,CO,1930,1,3,6,2610,543716
80209,526 S Vine St,Denver,CO,1930,3,3,6,2695,776043
80209,543 S Vine St,Denver,CO,1930,4,4,8,3951,1113069
80209,543 S High St,Denver,CO,1925,2,4,7,3766,975339
80209,627 S Williams St,Denver,CO,2013,5,6,6,4218,1239513
80209,639 S Williams St,Denver,CO,2014,5,4,5,4378,959254
80209,614 S Race St,Denver,CO,1930,1,2,5,2000,620546
80209,618 S Vine St,Denver,CO,1928,4,4,7,2556,831704
80209,642 S York St,Denver,CO,1986,3.5,4,5,3751,889397
80204,477 Julian St,Denver,CO,1927,2,3,6,1658,342206
80221,1746 W 67th Pl,Denver,CO,2013,3.5,4,7,1753,389650
80219,340 King St,Denver,CO,1960,2,3,4,1734,202543
80204,1009 Irving St,Denver,CO,1907,1,2,4,1180,164991
80204,974 Hooker St,Denver,CO,1947,2,2,4,1562,203830
80204,970 Irving St,Denver,CO,1923,2,5,9,1872,229445
80204,900 Julian St,Denver,CO,1946,1,2,5,1104,142220
80204,3473 W 9th Ave,Denver,CO,1953,1,3,5,1786,178047
80204,861 Irving St,Denver,CO,1900,1,3,7,1241,189079
80204,876 Hazel Ct,Denver,CO,1912,1,2,5,1830,174572
80204,955 Meade St,Denver,CO,1954,2,3,4,1546,177407
80204,951 Newton St,Denver,CO,1957,1,2,5,1158,142434
80204,740 Newton St,Denver,CO,1952,2,4,6,1423,180720
80204,666 Lowell Blvd,Denver,CO,1951,1,4,5,1641,179409
80204,645 Lowell Blvd,Denver,CO,1921,2,3,7,1400,152974
80204,656 Quitman St,Denver,CO,1925,1,2,8,1467,179851
80204,610 Lowell Blvd,Denver,CO,1922,2.5,4,6,2317,250889
80204,501 Lowell Blvd,Denver,CO,1923,2,4,6,1845,206075
80204,438 Newton St,Denver,CO,1941,2,5,9,1656,272814
80204,412 Newton St,Denver,CO,2001,2,3,6,1539,186321
80219,3641 W 3rd Ave,Denver,CO,1908,1,3,5,1456,186602
80219,277 Lowell Blvd,Denver,CO,1941,2,3,5,1440,186291
80204,735 Julian St,Denver,CO,1951,3,5,14,2239,281883
80204,753 Knox Ct,Denver,CO,1911,2,4,7,1327,172760
30324,2901 Lenox Rd NE,Atlanta,GA,1980,2,2,5,1264,165877
30324,30 Saint Claire Ln NE,Atlanta,GA,1983,2,2,6,1450,173010
30324,2873 Overlook Way,Atlanta,GA,2007,3,2,6,2220,400895
30324,3201 Lenox Rd NE APT 32,Atlanta,GA,1985,2,2,6,1294,179963
30324,66 Saint Claire Ln NE,Atlanta,GA,1983,2,3,7,1550,170271
30324,878 Lenox Oaks Cir NE,Atlanta,GA,1984,2.5,2,5,1696,252008
30324,869 Lenox Oaks Cir NE,Atlanta,GA,1984,3,2,5,1579,191564
30324,2970 Lenox Rd #5,Atlanta,GA,1990,3,3,6,1764,280994
30324,2680 Pine Tree Rd NE APT 1,Atlanta,GA,1990,3,3,6,1757,269213
30324,18 Normandy Ct NE,Atlanta,GA,1983,2,2,6,1450,162142
30324,22 Normandy Ct NE,Atlanta,GA,1983,2,2,6,1450,162142
30324,9 Saint Claire Ln NE,Atlanta,GA,1983,2,2,6,1450,162142
30324,64 Saint Claire Ln NE,Atlanta,GA,1983,2,3,7,1550,159499
30324,24 Saint Claire Ln NE,Atlanta,GA,1983,2,3,7,1550,160245
30324,49 Saint Claire Ln NE,Atlanta,GA,1983,2,2,6,1450,165812
30324,2901 Lenox Rd NE # 502,Atlanta,GA,1980,2,2,5,1187,161251
30324,2901 Lenox Rd NE # 601,Atlanta,GA,1980,2,2,5,1341,167660
30324,2901 Lenox Rd NE # 604,Atlanta,GA,1980,2,2,5,1341,166599
30324,906 Lenox Way NE,Atlanta,GA,1980,1,2,5,1084,147476
30324,2901 Lenox Rd NE # 1107,Atlanta,GA,1980,2,2,5,1264,167165
30324,2914 Lenox Rd NE APT 16,Atlanta,GA,1984,3,3,4,2783,328075
30324,27107 Plantation Dr NE,Atlanta,GA,1985,2,3,5,1720,193505
30324,27308 Plantation Dr NE,Atlanta,GA,1985,2,2,5,1462,195231
30324,28317 Plantation Dr NE,Atlanta,GA,1987,2.5,3,6,2128,286468
46032,11542 Applewood Cir,Carmel,IN,1995,2,4,7,1908,220830
46032,788 Woodview South Dr,Carmel,IN,1992,2,3,8,1553,210005
46280,10187 N College Ave,Indianapolis,IN,1956,2,3,6,1171,128861
46280,11070 Ruckle St,Indianapolis,IN,1957,1.5,3,7,1029,98638
46280,10350 Ruckle St,Indianapolis,IN,1961,2,3,5,1493,155261
46280,513 Arthur Dr,Indianapolis,IN,1952,1,3,6,1632,137042
46280,650 Arthur Dr,Indianapolis,IN,1952,1,5,11,1908,158096
46032,777 Woodview North Dr,Carmel,IN,1990,2,2,8,1744,213473
46032,732 Woodview North Dr,Carmel,IN,1993,2,3,5,1815,214070
46280,507 Arthur Dr,Indianapolis,IN,1952,1,3,6,1792,154994
46032,767 Woodview South Dr,Carmel,IN,1992,1.5,2,8,1782,213999
46032,11473 Woodview East Dr,Carmel,IN,1992,2,3,6,2104,249791
46032,776 Woodview South Dr,Carmel,IN,1990,2,3,8,1954,223410
46280,1161 Ramsgate Ct,Indianapolis,IN,1958,2,4,8,2588,204992
46280,10121 Orchard Park Dr W,Indianapolis,IN,1968,2,4,8,1496,149903
46280,10315 Broadway St,Indianapolis,IN,1958,1,3,5,1168,121566
46032,785 Woodview South Dr,Carmel,IN,1991,2,2,7,2032,220072
46032,11541 Woodview East Dr,Carmel,IN,1992,2,2,6,1646,203134
46032,11483 Woodview East Dr,Carmel,IN,1990,2,2,9,1784,238119
46280,1056 Chevy Chase Ln,Indianapolis,IN,1957,1.5,3,8,1325,129354
46280,10122 Carrollton Ave,Indianapolis,IN,1958,2,2,5,1628,135697
46280,10263 Guilford Ave,Indianapolis,IN,1961,2,3,8,1612,150802
46280,1120 Hialea Ct,Indianapolis,IN,1988,3,4,9,2324,221020
46280,1091 Latonia Ln,Indianapolis,IN,1992,3,3,6,2156,192835
67226,8214 E Old Mill St,Wichita,KS,2003,2,5,6,2956,209928
67226,4229 N Ironwood Ct,Wichita,KS,1993,3,4,9,3530,267067
67226,4239 N Ironwood St,Wichita,KS,1994,4,4,7,3548,268431
67226,4322 N Spyglass Ct,Wichita,KS,1988,3,4,9,3804,295969
67226,4311 N Spyglass Cir,Wichita,KS,1994,4,5,8,3622,313759
67226,4105 N Plum Tree St,Wichita,KS,1995,3.5,4,7,3018,235824
67226,4104 N Ironwood St,Wichita,KS,1988,4,4,8,3542,282073
67226,4113 N Ironwood St,Wichita,KS,1992,3.5,4,6,3876,279344
67226,4027 N Tara Cir,Wichita,KS,1989,4,5,8,3734,280554
67226,7419 E Castle Pines St,Wichita,KS,2001,3,4,6,2578,216970
67226,4418 N Shadow Gln,Wichita,KS,1998,2.5,4,5,3308,225641
67226,7524 E Castle Pines Ter,Wichita,KS,2003,3,4,5,2854,203200
67226,4214 N Sweet Bay St,Wichita,KS,1994,3,3,7,2756,246431
67226,6758 E 44th Ct N,Bel Aire,KS,1998,3,4,7,2444,155066
67226,4551 N Rushwood Ct,Bel Aire,KS,1997,3,5,8,2761,179925
67226,6823 E 44th St N,Bel Aire,KS,1998,4,4,10,2937,192587
67226,4429 N Rushwood Ct,Bel Aire,KS,1999,3,5,6,3096,193288
67226,4379 N Rushwood Ct,Wichita,KS,2001,3,4,5,2445,166897
67226,4300 N Rushwood Cir,Bel Aire,KS,2000,3,5,9,2945,185575
67226,4432 N Mission Rd,Bel Aire,KS,1994,3,5,4,2317,159256
67226,4456 N Mission Rd,Bel Aire,KS,1994,3,4,7,2275,148681
67226,4326 N Mission Rd,Bel Aire,KS,1994,4,4,6,2418,156565
67226,6936 E Odessa Ct,Bel Aire,KS,1994,3,4,6,3298,195569
67226,4350 N Stratford Ln,Bel Aire,KS,1991,3,3,5,2060,126953
67211,2302 E Blake St,Wichita,KS,1958,1.5,2,6,1860,114028
67214,229 N Chautauqua Ave,Wichita,KS,1927,2,4,10,2630,82010
67214,145 N Erie St,Wichita,KS,1920,2,4,8,1546,81037
67214,153 N Chautauqua Ave,Wichita,KS,1900,2,3,4,1732,100540
67214,156 N Chautauqua Ave,Wichita,KS,1920,3,4,6,1674,89069
67214,150 N Chautauqua Ave,Wichita,KS,1925,1,3,5,1818,84276
67211,230 S Minneapolis Ave,Wichita,KS,1940,1,2,8,1504,83502
67211,347 S Erie St,Wichita,KS,1923,1,4,9,1601,78778
67211,307 S Erie St,Wichita,KS,1921,1,3,6,1592,87602
67218,321 S Clifton Ave,Wichita,KS,1928,3,3,6,2746,170936
67218,351 S Rutan St,Wichita,KS,1920,2,4,8,1888,121624
67218,350 S Roosevelt St,Wichita,KS,1922,5,3,6,2992,238518
67218,306 S Yale St,Wichita,KS,1922,3,2,6,2058,138210
67218,310 S Fountain St,Wichita,KS,1925,2,4,7,2500,153596
67218,521 S Roosevelt St,Wichita,KS,1935,1,3,5,2448,131383
67218,755 S Holyoke St,Wichita,KS,1938,1,3,6,2104,79959
67218,1023 S Roosevelt St,Wichita,KS,1946,2,4,7,1504,73135
67218,4010 E Countryside Plz,Wichita,KS,1955,2,3,6,1631,84842
67218,4040 E Countryside Plz,Wichita,KS,1956,2,3,6,2221,96897
67218,3212 Grandview St,Wichita,KS,1942,1,2,5,1600,78949
67218,3504 E Funston St,Wichita,KS,1930,2,3,5,1882,91918
67218,1950 George Washington Blvd,Wichita,KS,1940,3,4,7,2766,120054
67218,1771 S Roosevelt St,Wichita,KS,1954,2,4,5,1746,82202
67218,3726 E Skinner St,Wichita,KS,1952,2,3,5,1505,87057
4102,144 Frances St,Portland,ME,1940,2,2,5,1357,224949
4103,97 Codman St,Portland,ME,1937,1,3,7,1248,285342
4103,94 Walton St,Portland,ME,1901,2,4,7,1749,230245
4103,276 Harvard St,Portland,ME,1951,2,2,5,1144,189670
4103,55 Bay St,Portland,ME,1930,1,3,6,1001,193595
4103,57 Vera St,Portland,ME,1960,2,3,6,1210,219884
4103,16 Johansen St,Portland,ME,1961,1,3,6,1680,200708
4103,726 Washington Ave,Portland,ME,1950,1.5,4,8,1350,194204
4103,24 Ray St,Portland,ME,1935,1.5,2,5,1150,205591
4103,49 Rosemont Ave,Portland,ME,1940,2,3,6,1591,248166
4103,257 Stevens Ave,Portland,ME,1920,1,2,5,1094,163215
4102,25 Motley St,Portland,ME,1899,2,4,9,2168,273536
4102,160 Stevens Ave,Portland,ME,1950,2,3,6,1274,206166
4103,32 Bartlett St,Portland,ME,1981,2,3,8,2252,242850
4103,122 Mabel St,Portland,ME,1930,1,3,7,1350,214413
4102,72 Groveside Rd,Portland,ME,1962,2,3,6,1428,203348
4102,21 Hastings St,Portland,ME,1948,2,3,7,1630,207309
4102,93 Bolton St,Portland,ME,1962,2,2,5,1449,195626
4102,22 Dirigo St,Portland,ME,1900,1.5,3,7,1664,230800
4102,31 Anson Rd,Portland,ME,1953,2,3,6,1409,230412
4102,370 Capisic St,Portland,ME,1951,2,3,6,1376,203060
4105,18 Payson Rd,Falmouth,ME,1955,1,2,4,780,280011
4102,74 Rowe Ave,Portland,ME,1950,2,3,6,1334,176766
4102,21 Terrace Ave,Portland,ME,1920,2,3,6,1327,179886
2129,87 School St UNIT 2,Boston,MA,1875,1,2,4,755,360495
2129,37 Belmont St UNIT 2,Boston,MA,1900,1,3,6,885,442917
2129,53 N Mead St APT C-6,Boston,MA,1988,1,1,3,705,348707
2129,74 Warren St UNIT 74,Boston,MA,1885,2.5,3,8,1800,967448
2129,53 Elm St UNIT 1,Boston,MA,1885,2,2,5,1320,612717
2129,38 High St APT 2,Boston,MA,1870,1,2,6,863,451472
2129,266 Bunker Hill St UNIT 3,Boston,MA,1986,1.5,2,5,1110,591607
2129,302302A Bunker Hill St #2,Charlestown,MA,1880,2,2,4,785,481908
2129,302-302A Bunker Hill St UNIT 3,Boston,MA,1880,2,2,4,950,527339
2129,298-298A Bunker Hill St UNIT 3,Boston,MA,1880,1,2,5,947,450358
2129,278 Bunker Hill St UNIT 2,Boston,MA,1920,1.5,2,5,1159,542201
2129,342 Bunker Hill St APT 1A,Boston,MA,1899,2,2,4,1263,795221
2129,342 Bunker Hill St APT 1D,Boston,MA,1899,2,2,4,1267,754765
2129,342 Bunker Hill St APT 5D,Boston,MA,1899,3,2,5,2100,908421
2129,32 Mead St UNIT 3,Boston,MA,1870,1,1,3,782,412941
2129,397 Main St APT 2,Boston,MA,1865,1,2,4,760,399890
2129,5 Auburn St UNIT 2,Boston,MA,1860,1,1,4,650,386722
2129,403 Main St APT 4,Boston,MA,1899,1,2,4,940,502694
2129,377 Bunker Hill St UNIT 1,Boston,MA,1935,1,1,3,641,340851
2129,381 Bunker Hill St UNIT 2,Boston,MA,1870,2,2,5,1006,518775
2129,53 N Mead St APT C-4,Boston,MA,1988,1,2,4,673,367133
2129,287 Bunker Hill St UNIT 2,Boston,MA,1860,2,2,4,961,514122
2129,287 Bunker Hill St UNIT 3,Boston,MA,1860,2,2,4,1615,632291
2129,265 Bunker Hill St UNIT 265,Boston,MA,1900,1.5,2,5,1193,469257
2186,46 Houston Ave,Milton,MA,1933,2,6,13,2606,497447
2186,442 Central Ave # 442A,Milton,MA,1929,2,4,8,2531,444753
2186,29 Mechanic St,Milton,MA,1860,2,6,12,2428,489166
2121,101 Geneva Ave,Dorchester,MA,1935,3.5,11,16,3550,482065
2121,68 Devon St,Dorchester,MA,1900,3,8,16,3455,426795
2121,146 Stanwood St,Dorchester,MA,1905,3,14,20,5220,505234
2125,91 Sumner St,Dorchester,MA,1920,3,10,18,4047,646249
2125,10 Dewey St,Dorchester,MA,1905,3,9,15,3288,519207
2125,29 Virginia St,Dorchester,MA,1900,5.01,8,19,4332,700407
2121,54 Lawrence Ave,Dorchester,MA,1890,3,9,14,3525,457316
2121,10 Fernboro St,Dorchester,MA,1890,4.5,8,21,2880,544016
2121,49 Intervale St,Dorchester,MA,1905,3,9,18,4272,403382
2125,92 Bird St,Dorchester,MA,1910,2,7,12,3573,435883
2125,321 Norfolk Ave,Dorchester,MA,1900,3,6,12,3795,407669
2125,15 Sumner St,Dorchester,MA,1932,3,8,17,3579,612018
2125,32 Salcombe St,Dorchester,MA,1900,2,6,15,4187,581514
2125,18 Whitby Ter,Dorchester,MA,1899,3,7,14,3513,557350
2121,128 Olney St,Dorchester,MA,1905,3,9,18,4269,512470
2122,323 Geneva Ave,Dorchester,MA,1915,2,6,12,3069,411798
2125,12 Richfield St,Dorchester,MA,1880,3,6,12,2711,354672
2125,4 Richfield St,Dorchester,MA,1910,3,9,18,3792,449595
2125,185 Howard Ave # 185A,Dorchester,MA,1910,3,8,15,4048,486412
2125,9 Payson Ave,Dorchester,MA,1905,3,9,13,3438,458571
2125,27 Trull St,Dorchester,MA,1900,2.5,7,18,3712,489249
55423,6926 Chicago Ave,Richfield,MN,1995,3,4,8,2040,251221
55423,6915 12th Ave S,Richfield,MN,1927,2,3,9,2122,213311
55423,7020 13th Ave S,Richfield,MN,1953,1,4,8,1965,222863
55407,4437 18th Ave S,Minneapolis,MN,1931,2.75,3,6,1319,252379
55407,4638 16th Ave S,Minneapolis,MN,1914,1,2,7,1326,203207
55407,4345 17th Ave S,Minneapolis,MN,1949,2,3,6,1448,220540
55407,4025 16th Ave S,Minneapolis,MN,1946,1.5,3,5,1200,230900
55407,4154 18th Ave S,Minneapolis,MN,1909,2,3,7,1980,199094
55407,4158 18th Ave S,Minneapolis,MN,1914,2,3,5,1482,211430
55407,4101 17th Ave S,Minneapolis,MN,1936,1,2,6,1422,216708
55407,4020 18th Ave S,Minneapolis,MN,1920,1.5,4,7,1287,220698
55407,4053 18th Ave S,Minneapolis,MN,1964,2,3,7,1620,184144
55407,4324 18th Ave S,Minneapolis,MN,1951,1.5,3,6,1882,251772
55407,4345 18th Ave S,Minneapolis,MN,1954,2,3,7,1210,233761
55407,4336 16th Ave S,Minneapolis,MN,1950,2,3,8,1626,199156
55407,4307 Bloomington Ave,Minneapolis,MN,1939,2,3,8,1613,255796
55407,4209 16th Ave S,Minneapolis,MN,1955,2,3,7,1586,184460
55407,4238 14th Ave S,Minneapolis,MN,1945,1,3,5,1452,190501
55407,4320 14th Ave S,Minneapolis,MN,1911,1,2,6,1451,251270
55407,4353 13th Ave S,Minneapolis,MN,1924,1,2,5,1150,168166
55407,4326 15th Ave S,Minneapolis,MN,1927,1.5,3,6,1421,218625
55407,4323 14th Ave S,Minneapolis,MN,1925,1,2,5,4224,216365
55407,4301 15th Ave S,Minneapolis,MN,1913,1,2,6,1312,200009
55407,4440 15th Ave S,Minneapolis,MN,1913,3,3,5,1509,264836
55419,4917 Oliver Ave S,Minneapolis,MN,1921,2,2,5,1695,394905
55419,4924 Morgan Ave S,Minneapolis,MN,1922,3,3,10,2210,575742
55419,5016 Oliver Ave S,Minneapolis,MN,1923,2,3,5,1348,365364
55419,5049 Penn Ave S,Minneapolis,MN,1924,2,3,7,1700,378806
55419,5029 Penn Ave S,Minneapolis,MN,1917,1.5,3,6,1495,318543
55419,5008 Newton Ave S,Minneapolis,MN,1921,1,3,7,1552,378510
55419,5053 Morgan Ave S,Minneapolis,MN,1928,1.5,4,8,2078,491093
55419,5045 Morgan Ave S,Minneapolis,MN,1926,1.75,3,7,1460,397371
55419,5033 Morgan Ave S,Minneapolis,MN,1923,1.5,3,9,1725,429487
55419,5125 Oliver Ave S,Minneapolis,MN,1972,2.5,4,8,2400,487924
55419,5321 Morgan Ave S,Minneapolis,MN,1959,2,3,8,2045,372795
55419,5314 Oliver Ave S,Minneapolis,MN,1932,2,3,6,1425,382754
55419,5346 Oliver Ave S,Minneapolis,MN,1928,1.5,3,7,1725,312030
55419,5350 Oliver Ave S,Minneapolis,MN,1924,1.5,3,8,1797,323055
55419,5224 Logan Ave S,Minneapolis,MN,1940,3.5,4,9,2703,597087
55419,5241 Morgan Ave S,Minneapolis,MN,1947,1.5,3,7,1513,405819
55419,5224 James Ave S,Minneapolis,MN,1931,2,3,7,1750,472111
55419,5317 Logan Ave S,Minneapolis,MN,1947,1.75,3,8,1877,328499
55410,4925 Upton Ave S,Minneapolis,MN,1922,2,2,7,1924,367264
55410,4901 Thomas Ave S,Minneapolis,MN,1968,3,3,7,1950,499373
55410,4914 Sheridan Ave S,Minneapolis,MN,1956,2,5,12,2900,653190
55410,4837 Sheridan Ave S,Minneapolis,MN,1920,1.5,3,9,2518,702168
55410,4849 Russell Ave S,Minneapolis,MN,1937,2,4,9,2668,766773
55410,4842 Queen Ave S,Minneapolis,MN,1923,2.5,3,6,2197,607352
55423,6901 Harriet Ave,Richfield,MN,1954,1,3,7,1296,224313
55423,6932 Harriet Ave,Richfield,MN,1954,1,4,7,1340,206723
55423,6900 Pillsbury Ave S,Richfield,MN,1953,2,3,8,1734,198427
55423,6932 Wentworth Ave,Richfield,MN,1957,1.75,3,6,1632,185971
55423,6901 Clinton Ave,Richfield,MN,1949,1.5,3,6,1268,175701
55423,6909 Newton Ave S,Richfield,MN,1938,1,2,4,780,158503
55423,6901 Newton Ave S,Richfield,MN,1939,1.75,3,6,1473,220673
55423,6928 Logan Ave S,Richfield,MN,1947,1,3,6,1622,208934
55423,6907 Knox Ave S,Richfield,MN,1947,1.5,2,8,1461,187512
55423,6996 Humboldt Ave S,Minneapolis,MN,1953,3,3,9,2750,328041
55423,7111 James Ave S,Richfield,MN,1948,1.5,4,8,2346,289606
55423,7045 James Ave S,Richfield,MN,1949,2,2,6,1082,209538
55423,7000 1st Ave S,Richfield,MN,1955,1,3,6,940,172411
55423,7008 2nd Ave S,Richfield,MN,1950,2,2,5,876,163304
55423,7124 Garfield Ave,Richfield,MN,1948,2,4,9,2243,267885
55423,7212 Garfield Ave,Minneapolis,MN,1959,1.5,3,7,1746,163576
55423,6924 Logan Ave S,Richfield,MN,1947,1.75,3,7,990,222137
55423,6914 Nicollet Ave,Richfield,MN,1951,1.75,3,7,1050,199986
55423,6944 1st Ave S,Richfield,MN,1951,2,4,8,1744,220333
55423,6908 Morgan Ave S,Richfield,MN,1939,3.25,3,8,960,235866
55423,6913 Newton Ave S,Minneapolis,MN,1954,1,4,7,1323,223117
55419,500 W 54th St,Minneapolis,MN,1939,1.5,3,7,1439,298272
55419,5212 Dupont Ave S,Minneapolis,MN,1922,1,3,6,1320,341034
55419,1114 W 53rd St,Minneapolis,MN,1913,2,3,6,1320,361952
55423,6935 13th Ave S,Minneapolis,MN,1947,1,2,4,687,122570
55406,3740 29th Ave S,Minneapolis,MN,1912,1,4,6,986,168931
55406,3829 26th Ave S,Minneapolis,MN,1917,1,3,6,932,166452
55406,3916 Snelling Ave,Minneapolis,MN,1914,1.5,3,6,800,149652
55406,4149 31st Ave S,Minneapolis,MN,1907,1,2,7,1000,176482
55406,3301 E 40th St,Minneapolis,MN,1912,1,2,5,1028,148062
55406,3941 28th Ave S,Minneapolis,MN,1922,1,2,5,736,155133
55406,3934 29th Ave S,Minneapolis,MN,1920,1,2,5,926,160713
55406,3948 Nokomis Ave,Minneapolis,MN,1912,1,1,3,440,90713
55406,3953 30th Ave S,Minneapolis,MN,1926,1,2,5,1098,151566
55406,3945 30th Ave S,Minneapolis,MN,1910,1,3,6,990,159245
55406,3933 Nokomis Ave,Minneapolis,MN,1997,1,3,4,1052,187620
55406,2601 E 38th St,Minneapolis,MN,1918,1,2,7,1040,152291
55406,3945 24th Ave S,Minneapolis,MN,1923,1,3,5,891,141526
55406,3908 27th Ave S,Minneapolis,MN,1921,1,2,6,1107,198781
55406,4030 26th Ave S,Minneapolis,MN,1925,1,3,5,1050,175104
55406,4027 24th Ave S,Minneapolis,MN,1926,1.5,2,7,1072,163266
55406,2500 E 42nd St,Minneapolis,MN,1922,1,1,5,864,148328
55406,4107 25th Ave S,Minneapolis,MN,1914,1,3,4,694,138640
55406,4141 28th Ave S,Minneapolis,MN,1910,1,1,8,1120,155824
55406,4035 Nokomis Ave,Minneapolis,MN,1908,1,2,5,730,121116
55406,4001 Nokomis Ave,Minneapolis,MN,1927,1,2,5,864,153443
55406,4000 Nokomis Ave,Minneapolis,MN,1952,1,2,7,1056,187832
55406,4344 Nokomis Ave,Minneapolis,MN,1915,2,3,5,1016,164332
39202,1738 Piedmont St,Jackson,MS,1955,2,4,6,1865,172922
39216,609 Patton Ave,Jackson,MS,1939,3,4,9,2385,246013
39206,4110 Robin Dr,Jackson,MS,1977,4,3,8,2778,277963
39206,4050 Robin Dr,Jackson,MS,1947,2.5,3,6,1820,152736
39211,5606 Warwick Dr,Jackson,MS,1964,2,4,7,2034,114840
39211,5455 Briarfield Rd,Jackson,MS,1971,2.5,4,8,2627,220131
39211,5606 Concord Dr,Jackson,MS,1960,3,3,5,1872,107178
39211,1355 Stanton Dr,Jackson,MS,1962,2,3,7,1800,122280
39211,5328 Fairway St,Jackson,MS,1998,3,4,8,2552,227308
39211,5334 Carolwood Dr,Jackson,MS,1991,4,5,7,2927,350698
39211,120 Colonial Cir,Jackson,MS,1963,2,3,6,2446,125423
39211,108 S Park Dr,Jackson,MS,1950,2,3,6,1734,125789
39211,5155 Kaywood Cir,Jackson,MS,1974,4,5,9,3449,258076
39211,5156 Romany Dr,Jackson,MS,1962,2,3,6,2250,131956
39211,1674 Winchester St,Jackson,MS,1959,2,3,5,1470,121345
39211,1604 Brecon Dr,Jackson,MS,1961,3,4,6,2200,135876
39211,4650 Hickory Ridge Rd,Jackson,MS,1968,3,5,8,2363,246235
39211,2227 E Manor Dr,Jackson,MS,1974,2,4,7,2369,218069
39211,4344 Audubon Park Ln,Jackson,MS,1960,2,3,7,2380,251898
39211,2129 Southwood Rd,Jackson,MS,1958,3,4,6,2673,198605
39211,2215 Southwood Rd,Jackson,MS,1959,2,3,5,1770,167931
39211,1905 Aztec Dr,Jackson,MS,1958,2,3,5,1526,156250
39211,1336 Winterview Dr,Jackson,MS,1962,2,4,6,1796,104492
39211,5841 Orchardview Dr,Jackson,MS,1961,2,3,6,1804,110557
39202,1738 Piedmont St,Jackson,MS,1955,2,4,6,1865,172922
39202,930 Belhaven St,Jackson,MS,1938,2,2,8,1526,169782
39202,835 Arlington St,Jackson,MS,1930,2,3,6,2009,204024
39202,1046 Whitworth St,Jackson,MS,1941,2,3,9,1881,166676
39216,609 Patton Ave,Jackson,MS,1939,3,4,7,2385,246013
39206,3934 Greaves St,Jackson,MS,1942,2,3,8,1683,117652
39206,4110 Robin Dr,Jackson,MS,1977,4,3,6,2778,277963
39206,4050 Robin Dr,Jackson,MS,1947,2.5,3,7,1820,152736
39211,5606 Warwick Dr,Jackson,MS,1964,2,4,8,2034,114840
39211,5455 Briarfield Rd,Jackson,MS,1971,2.5,4,5,2627,220131
39211,5606 Concord Dr,Jackson,MS,1960,3,3,7,1872,107178
39211,1355 Stanton Dr,Jackson,MS,1962,2,3,8,1800,122280
39211,5328 Fairway St,Jackson,MS,1998,3,4,7,2552,227308
39211,5334 Carolwood Dr,Jackson,MS,1991,4,5,6,2927,350698
39211,120 Colonial Cir,Jackson,MS,1963,2,3,6,2446,125423
39211,108 S Park Dr,Jackson,MS,1950,2,3,9,1734,125789
39211,5155 Kaywood Cir,Jackson,MS,1974,4,5,6,3449,258076
39211,5156 Romany Dr,Jackson,MS,1962,2,3,6,2250,131956
39211,1604 Brecon Dr,Jackson,MS,1961,3,4,8,2200,135876
39211,4650 Hickory Ridge Rd,Jackson,MS,1968,3,5,7,2363,246235
39211,2227 E Manor Dr,Jackson,MS,1974,2,4,7,2369,218069
39211,4344 Audubon Park Ln,Jackson,MS,1960,2,3,6,2380,251898
39211,2129 Southwood Rd,Jackson,MS,1958,3,4,5,2673,198605
39211,2215 Southwood Rd,Jackson,MS,1959,2,3,5,1770,167931
3301,14 New Castle St,Concord,NH,1985,2,3,6,1332,255152
3301,203 South St,Concord,NH,1939,1.5,3,6,1320,190373
3301,59 Noyes St,Concord,NH,1969,2,3,7,1456,221287
3301,148 Broadway,Concord,NH,1930,1,2,5,1312,226918
3301,23 Norwich St,Concord,NH,1960,2.5,4,7,1350,238145
3301,254 South St,Concord,NH,1942,2,2,6,1494,214172
3301,134 Broadway,Concord,NH,1918,2,3,7,1654,202006
3301,13 Fellows St,Concord,NH,1960,1,2,5,1160,161045
3303,14 Yarrow Way,Concord,NH,1986,1.5,3,6,1536,194711
3301,20 Broad Ave,Concord,NH,1924,1.5,3,7,1562,229400
3301,22 Rundlett St,Concord,NH,1950,2.5,3,7,1459,221435
3303,8 Penacook Cir,Webster,NH,1965,2,4,9,2046,160724
3301,25 Tremont St,Concord,NH,1927,1.5,0,6,2158,177858
3301,13 Cypress St,Concord,NH,1951,1,3,7,1522,168475
3301,61 Pembroke Rd,Concord,NH,1898,2,3,7,1727,172703
3301,37 Stone St,Concord,NH,1920,2,3,8,1241,175928
3301,2 Winant St,Concord,NH,1954,1,4,5,1746,181305
3301,147 Pembroke Rd,Concord,NH,1946,2,3,4,1175,172028
3301,65 Mulberry St UNIT 4,Concord,NH,2005,2,2,6,1408,174601
3301,84 Branch Tpke UNIT 81,Concord,NH,1991,2,2,6,1332,171784
3301,12 Chesterfield Dr,Concord,NH,1979,2,3,5,1254,175233
3301,84 Branch Tpke UNIT 2,Concord,NH,1988,2,2,6,1682,169463
3301,15 Chesterfield Dr,Concord,NH,1979,2,3,6,1798,195342
3301,22 Woodcrest Heights Dr,Concord,NH,1979,1,3,6,1254,187970
44135,4136 W 161st St,Cleveland,OH,1936,1,3,6,1248,116198
44135,4151 W 161st St,Cleveland,OH,1937,1,3,6,1128,94635
44111,15514 Judy Ct,Cleveland,OH,1955,1,3,6,1131,106260
44135,16009 Woodbury Ave,Cleveland,OH,1956,2,3,6,1267,88210
44135,4145 W 158th St,Cleveland,OH,1942,2,3,7,1278,91910
44135,4105 W 160th St,Cleveland,OH,1939,2,3,5,1164,88900
44135,16404 Sedalia Ave,Cleveland,OH,1929,2,3,6,1728,108733
44135,4156 W 161st St,Cleveland,OH,1940,2,2,5,1036,100140
44135,4108 W 161st St,Cleveland,OH,1941,2,3,11,1216,88742
44135,4013 W 158th St,Cleveland,OH,1932,1,3,6,1135,97462
44135,4029 W 157th St,Cleveland,OH,1930,2,3,6,1259,120826
44135,4016 W 160th St,Cleveland,OH,1957,2,3,6,1182,131587
44135,16724 Larchwood Ave,Cleveland,OH,1915,1,3,6,936,72286
44135,16708 Larchwood Ave,Cleveland,OH,1920,2,3,10,1637,93241
44135,16606 Melgrave Ave,Cleveland,OH,1928,1,4,4,1538,90351
44135,16810 Melgrave Ave,Cleveland,OH,1941,1,3,7,1074,70558
44111,3980 W 151st St,Cleveland,OH,1956,1,5,7,1343,82676
44111,3859 W 157th St,Cleveland,OH,1921,1,3,7,1242,104655
44111,16801 Truax Ave,Cleveland,OH,1940,1,3,5,1351,97373
44111,3969 W 165th St,Cleveland,OH,1928,1,3,6,1408,139135
44111,3824 W 157th St,Cleveland,OH,1924,1.5,3,7,1340,100655
44111,3877 Silsby Rd,Cleveland,OH,1930,2,3,6,1418,140300
44111,3950 W 157th St,Cleveland,OH,1920,2,5,8,1861,135140
44111,3998 W 151st St,Cleveland,OH,1956,1.5,3,6,1532,95037
44111,3469 Carrmunn Ave,Cleveland,OH,1960,1,3,5,1086,112241
44111,14505 Caldwell Ave,Cleveland,OH,1942,2,3,7,1496,106094
44111,14806 Orchard Park Ave,Cleveland,OH,1947,1,3,5,1346,70759
44111,15041 Columbine Ave,Cleveland,OH,1938,1.5,2,7,1579,94880
44111,3488 W 151st St,Cleveland,OH,1936,1.5,2,5,1251,135635
44111,14233 Tuckahoe Ave,Cleveland,OH,1945,1,2,5,1056,54914
44111,14506 Rainbow Ave,Cleveland,OH,1930,2,3,6,1174,93971
44111,3581 W 147th St,Cleveland,OH,1928,2,3,7,1794,105072
44111,14613 Caldwell Ave,Cleveland,OH,1929,1.5,3,6,1421,116279
44111,14528 Harley Ave,Cleveland,OH,1953,1,3,8,1304,71692
44111,14614 Orchard Park Ave,Cleveland,OH,1946,1.5,2,5,1336,80252
44111,3275 Warren Rd,Cleveland,OH,1933,2.5,3,6,1593,147286
44111,3417 W 148th St,Cleveland,OH,1939,2,3,11,1480,135302
44111,15012 Columbine Ave,Cleveland,OH,1938,1,3,5,1192,95531
44111,15003 Rosemary Ave,Cleveland,OH,1950,2,3,7,1348,109738
44111,3520 W 152nd St,Cleveland,OH,1930,1.5,3,6,1568,123391
44111,3496 W 151st St,Cleveland,OH,1935,2,4,6,1496,152119
44111,3317 W 155th St,Cleveland,OH,1950,2,3,6,1488,119772
44111,3282 W 155th St,Cleveland,OH,1952,2,3,7,1560,126717
44111,3291 W 157th St,Cleveland,OH,1953,2,3,6,1216,124414
44111,15708 Normandy Ave,Cleveland,OH,1942,2,4,9,1913,147513
44111,15019 Merrimeade Dr,Cleveland,OH,1932,3,3,8,1872,162856
44111,3704 Warren Rd,Cleveland,OH,1931,3,5,8,2389,141220
44111,3485 Carrmunn Ave,Cleveland,OH,1920,2,4,7,1561,104812
73107,3429 NW 18th St,Oklahoma City,OK,1932,1,2,4,999,63706
73107,3413 NW 18th St,Oklahoma City,OK,1925,2,2,5,1352,124157
73107,3300 NW 18th St,Oklahoma City,OK,1936,1,2,6,1146,94778
73107,3333 NW 22nd St,Oklahoma City,OK,1930,1,3,5,1320,103738
73107,3317 NW 22nd St,Oklahoma City,OK,1932,1,2,4,1272,91401
73107,3235 NW 16th St,Oklahoma City,OK,1926,1,2,4,1102,89161
73107,1529 N Independence Ave,Oklahoma City,OK,1931,1,3,6,1416,80991
73107,3320 NW 16th St,Oklahoma City,OK,1980,1,2,8,1332,58173
73107,3623 NW 14th St,Oklahoma City,OK,1950,1,2,5,802,52126
73107,3508 NW 16th St,Oklahoma City,OK,1940,1,2,4,943,61496
73107,1245 N Meta St,Oklahoma City,OK,1940,1,2,4,832,50718
73107,3833 NW 15th St,Oklahoma City,OK,1948,1,3,4,852,49432
73107,3837 NW 14th St,Oklahoma City,OK,1947,1,2,5,873,49640
73107,3745 NW 14th St,Oklahoma City,OK,1939,1,4,5,1178,85668
73107,3729 NW 14th St,Oklahoma City,OK,1938,1,2,5,832,51599
73107,3736 NW 16th St,Oklahoma City,OK,1948,1,3,6,1286,64442
73107,3605 NW 13th St,Oklahoma City,OK,1930,1,1,8,1008,40074
73107,3637 NW 12th St,Oklahoma City,OK,1930,1,3,4,775,45247
73107,3539 NW 13th St,Oklahoma City,OK,1921,2,3,5,1040,62437
73107,3533 NW 13th St,Oklahoma City,OK,1937,2,2,6,1352,73542
73107,3531 NW 13th St,Oklahoma City,OK,1930,1.5,2,4,1072,46126
73107,1812 N Saint Clair Ave,Oklahoma City,OK,1942,1,2,6,884,72357
73107,3400 NW 15th St,Oklahoma City,OK,1936,1,1,8,1056,50680
73107,3408 NW 15th St,Oklahoma City,OK,1937,1,3,4,1355,67600
73162,7505 NW 115th St,Oklahoma City,OK,1984,2,3,5,1442,118403
73162,7342 Roxboro Dr,Oklahoma City,OK,1982,2,3,7,2355,153074
73162,11707 Sierra Rd,Oklahoma City,OK,1981,2.5,3,10,2067,152164
73162,11707 Shasta Ln,Oklahoma City,OK,1982,3,4,7,2373,164176
73162,11719 Shasta Ln,Oklahoma City,OK,1981,2,3,8,2233,151023
73162,7304 NW 119th St,Oklahoma City,OK,1983,3,3,6,2248,153404
73162,7329 NW 115th St,Oklahoma City,OK,1983,2.5,3,7,2396,174736
73162,7412 NW 115th St,Oklahoma City,OK,1983,2,3,7,2315,168425
73142,12413 Whispering Hollow Dr,Oklahoma City,OK,1984,2,4,6,1879,134604
73142,12409 Whispering Hollow Dr,Oklahoma City,OK,1984,2,3,5,1418,120557
73142,12312 Walnut Creek Dr,Oklahoma City,OK,1984,2,3,5,1562,122445
73162,7513 NW 116th St,Oklahoma City,OK,1983,3,3,5,1185,110814
73162,11398 Glade Ave,Oklahoma City,OK,1998,2,3,5,1257,115292
73162,7500 NW 113th Pl,Oklahoma City,OK,1984,2,2,4,914,68991
73162,7540 NW 115th St,Oklahoma City,OK,1984,2,3,5,1275,109452
73162,7500 NW 115th St,Oklahoma City,OK,1984,2,3,4,1210,107724
73162,7533 NW 114th St,Oklahoma City,OK,1984,2,3,4,1062,100354
73162,7608 NW 113th St,Oklahoma City,OK,1985,2,3,4,1205,108338
73162,7730 NW 113th Pl,Oklahoma City,OK,1995,2,3,5,1395,124877
73162,11509 Walters Ave,Oklahoma City,OK,1992,2,3,6,1685,137402
73162,11609 Walters Ave,Oklahoma City,OK,1992,2,3,6,1589,131705
73162,11617 Walters Ave,Oklahoma City,OK,1989,2,3,8,1638,122763
73162,11508 Walters Ave,Oklahoma City,OK,1992,2,3,6,1476,132196
73162,11608 Brown Ave,Oklahoma City,OK,1990,2,3,6,1654,131050
19148,1826 S Alder St,Philadelphia,PA,1920,1.5,3,6,756,168010
19145,1618 Jackson St,Philadelphia,PA,1910,1,3,6,1440,167841
19145,1630 Wolf St,Philadelphia,PA,1930,3,3,7,1520,244232
19145,1429 W Ritner St,Philadelphia,PA,1914,2,3,7,1536,248393
19145,1437 W Ritner St,Philadelphia,PA,1950,2,4,6,1440,195967
19145,1519 W Porter St,Philadelphia,PA,1933,3,4,7,1380,210130
19145,2129 S Rosewood St,Philadelphia,PA,1925,2,3,6,960,154494
19145,2221 S Rosewood St,Philadelphia,PA,1924,1,3,6,1068,129841
19145,2227 S Rosewood St,Philadelphia,PA,1914,1.5,3,6,1200,149485
19145,2235 S Rosewood St,Philadelphia,PA,1932,1,3,6,1068,117624
19145,2533 S Rosewood St,Philadelphia,PA,1939,2,3,6,1068,105443
19145,2318 S Rosewood St,Philadelphia,PA,1915,1,3,6,1020,151409
19145,2518 S Rosewood St,Philadelphia,PA,1934,1,3,6,1044,185088
19145,2123 S Carlisle St,Philadelphia,PA,1920,1,3,6,960,112459
19145,2135 S Carlisle St,Philadelphia,PA,1920,1,3,6,1089,109474
19145,2333 S Carlisle St,Philadelphia,PA,1915,1.5,3,6,1008,125504
19145,2411 S Carlisle St,Philadelphia,PA,1964,2,3,6,1080,216152
19145,2535 S Carlisle St,Philadelphia,PA,1934,2,3,6,1056,148050
19145,2617 S Carlisle St,Philadelphia,PA,1974,1.5,3,6,1110,147490
19145,2110 S Carlisle St,Philadelphia,PA,1920,1,3,6,960,145882
19145,2242 S Carlisle St,Philadelphia,PA,1915,1,3,6,1080,163028
19145,2620 S Carlisle St,Philadelphia,PA,1922,1,3,6,1110,193682
19145,2430 S 15th St,Philadelphia,PA,1924,1.5,4,7,1520,151344
19145,2109 S Hicks St,Philadelphia,PA,1914,1.5,3,7,1100,214294
38138,7297 Stags Leap Cir,Germantown,TN,1998,4,4,10,3489,440590
38120,440 River Oaks Pl,Memphis,TN,1984,5,4,8,3877,439650
38120,6095 Beau Pre N,Memphis,TN,1991,4,4,9,3987,864049
38120,6631 Rue Beaumonde Dr,Memphis,TN,1998,3,4,9,3099,366267
38120,1049 Humphrey Oaks Cir,Memphis,TN,1989,4,4,8,5000,487214
38120,6362 N Massey Hill Dr,Memphis,TN,1987,2.5,3,7,3322,381585
38119,2288 Kirby Rd,Memphis,TN,1974,5,5,9,3600,401732
38120,948 W Riverwalk Dr,Memphis,TN,1993,4,3,7,3592,416222
38120,1435 Lefleur Pl,Memphis,TN,1997,6,4,13,5024,631589
38138,7258 Mont Blanc Dr,Germantown,TN,1999,3,4,10,3482,466611
38138,7273 Stags Leap Cir,Germantown,TN,1998,3,3,7,3183,391608
38138,7125 Manor Woods Ct,Germantown,TN,1996,4,4,6,3055,376373
38138,7308 Mont Blanc Dr,Germantown,TN,2000,4,4,9,3519,429672
38138,7159 Ainsworth Dr,Germantown,TN,1998,4,5,9,3072,405927
38120,6090 Beau Pre N,Memphis,TN,1995,6,4,9,4548,876256
38120,1459 Lefleur Pl,Memphis,TN,1992,5,5,10,5580,650564
38119,2420 Black Water Trl,Memphis,TN,2006,4,4,10,4372,376203
38120,5289 Winestone Cv,Memphis,TN,2013,4.5,4,8,3981,751747
38119,6593 Espalier Cir,Memphis,TN,2003,5,4,8,3849,421930
38119,6620 Heronswood Cv,Memphis,TN,2004,4,4,9,3999,434523
38119,6673 Vinings Creek Cv W,Memphis,TN,2006,5,5,10,4000,369560
38138,6828 Old Bridge Ln,Germantown,TN,2006,4,4,10,3857,634195
38120,5881 Garden Reach Cv,Memphis,TN,1991,7,5,12,5938,850881
38119,6580 Green Shadows Ln,Memphis,TN,1992,4,5,12,5581,976605
77598,15838 Castorglen Dr,Webster,TX,1983,2,3,7,1626,150530
77598,435 Ironbark Dr,Webster,TX,1980,2,3,7,1556,125808
77598,479 Seacliff Dr,Webster,TX,1980,2,3,7,1576,130849
77598,434 Elder Glen Dr,Webster,TX,1983,2,3,7,2124,145048
77598,339 El Toro Ln,Webster,TX,1980,2,3,7,1449,125520
77598,358 Elder Vista Dr,Webster,TX,1983,2,3,7,1989,139558
77504,4322 Aztec St,Pasadena,TX,1973,2,3,6,2087,152106
77598,410 Tresvant Dr,Webster,TX,1978,3,4,7,2284,155541
77598,15314 Bratten Ln,Webster,TX,1978,2,3,8,2068,134185
77598,463 Tresvant Dr,Webster,TX,1978,2,3,7,1764,127975
77598,535 Tresvant Dr,Webster,TX,1980,2,4,7,1644,133389
77598,526 Shealy St,Webster,TX,1980,2,4,4,1872,127615
77598,455 Richvale Ln,Webster,TX,1982,2,3,7,1152,104720
77598,459 Redway Ln,Webster,TX,1983,2,3,7,1646,133790
77598,474 Woodrail Dr,Webster,TX,1984,2.5,4,6,2200,162440
77598,470 Ironbark Ct,Webster,TX,1980,2,3,7,1616,125239
77598,422 Elder Glen Dr,Webster,TX,1983,2,3,7,1496,126594
77598,16034 Eastcape Dr,Webster,TX,1981,2,4,7,1740,131946
77598,438 Elder Vista Dr,Webster,TX,1980,2,3,6,1556,123602
77598,407 Woodrail Dr,Webster,TX,1981,2,4,6,1694,136880
77598,418 Woodrail Dr,Webster,TX,1980,2,3,7,1325,120507
77598,406 Ironbark Dr,Webster,TX,1980,2,4,7,1592,123080
77598,423 Redway Ln,Webster,TX,1983,2,4,6,2068,143773
77598,431 Richvale Ln,Webster,TX,1983,2,3,7,1542,118457
77044,13507 Castlecombe Dr,Houston,TX,2000,3.5,4,9,3578,303311
77044,13103 Yaupon Holly Ln,Houston,TX,2001,3,4,7,2563,212336
77044,14407 Jessica Falls Cir,Houston,TX,2001,2,3,6,2554,219554
77044,14206 Hartshill Dr,Houston,TX,1996,3,4,9,3396,268744
77044,14314 Hartshill Dr,Houston,TX,1996,3,4,9,2728,227314
77044,12802 Lady Jane Ct,Houston,TX,1996,3,4,7,3000,228714
77044,14418 Meredith Gate Cir,Houston,TX,1997,3,4,8,2734,224872
77044,14411 Wadlington Dr,Houston,TX,1997,4,3,7,2121,200841
77044,12918 Cambridge Eagle Dr,Houston,TX,1997,3,4,8,2278,192279
77044,12926 Cambridge Eagle Dr,Houston,TX,1996,3,4,9,2401,184112
77044,14435 Hartshill Dr,Houston,TX,1999,4,4,8,3166,241506
77044,12607 Lady Jane Ct,Houston,TX,1999,3,5,9,3177,253617
77044,14407 Gadshill Cir,Houston,TX,2001,3.5,4,8,2756,228194
77044,14515 Wressell Dr,Houston,TX,1999,2.5,4,7,2782,224012
77044,14623 Wressell Dr,Houston,TX,1997,2,4,8,2345,219473
77044,14619 Wadlington Dr,Houston,TX,1997,3,4,8,2574,213408
77044,16318 Camden Cove Ln,Houston,TX,2009,4,5,11,4316,406358
77044,16339 Cascade Caverns Ln,Houston,TX,2007,4.5,5,14,3833,377219
77044,14406 Brighton Trace Ln,Houston,TX,2004,2,3,6,3444,270814
77044,14402 Chartley Falls Dr,Houston,TX,2000,3,5,9,2985,242343
77044,14430 Chartley Falls Dr,Houston,TX,2000,4,4,9,3086,271463
77044,14423 Chartley Falls Dr,Houston,TX,2001,4,4,8,2806,266728
77044,13402 Castlecombe Dr,Houston,TX,2001,4,4,9,3312,271414
77044,14110 Blisswood Dr,Houston,TX,2000,4,4,9,3176,256263
53207,3231 S Lenox St,Milwaukee,WI,1977,1.5,3,5,1350,174102
53207,3246 S Quincy Ave,Milwaukee,WI,1933,1,3,6,1628,194246
53207,350 E Dover St,Milwaukee,WI,1907,1,3,6,1082,121897
53207,3117 S Herman St,Milwaukee,WI,1910,2,2,5,1298,123337
53215,3233 S 8th St,Milwaukee,WI,1908,1.5,3,7,1243,103826
53215,3023 S 7th St,Milwaukee,WI,1924,2,3,5,1104,88503
53207,2809 S Burrell St,Milwaukee,WI,1897,2,3,6,1400,149029
53207,509 E Dover St,Milwaukee,WI,1925,2,3,9,1800,179728
53207,4464 S Adams Ave,Milwaukee,WI,1946,1,2,4,854,113703
53207,4573 S Lenox St,Milwaukee,WI,1940,1.5,3,6,1566,173682
53207,4246 S Whitnall Ave,Milwaukee,WI,1953,1,4,6,1325,126088
53207,309 E Howard Ave,Milwaukee,WI,1923,2,4,7,1843,199297
53207,2511 S Howell Ave,Milwaukee,WI,1876,2,2,6,1211,121454
53207,311 E Clarence St,Milwaukee,WI,1891,2,3,11,1600,184998
53207,2987 S Howell Ave,Milwaukee,WI,1925,1.5,3,7,1956,174028
53207,611 E Potter Ave,Milwaukee,WI,1887,1.5,4,7,1361,159008
53207,2602 S 3rd St,Milwaukee,WI,1921,1.5,2,4,1056,91091
53207,427 W Harrison Ave,Milwaukee,WI,1913,1,5,8,1626,90892
53207,2519 S Austin St,Milwaukee,WI,1861,2,5,9,2136,230293
53207,2567 S Burrell St,Milwaukee,WI,1890,2,3,5,1495,109103
53207,335 E Deer Pl,Milwaukee,WI,1907,1,3,6,1200,140074
53207,538 E Otjen St,Milwaukee,WI,1898,1,4,9,1985,165498
53207,2519 S Brisbane Ave,Milwaukee,WI,1923,1,3,8,1561,103652
53207,715 E Potter Ave,Milwaukee,WI,1894,2.5,3,6,1360,196433
